--
-- PostgreSQL database dump
--

-- Dumped from database version 9.6beta1
-- Dumped by pg_dump version 9.6beta1

-- Started on 2021-10-21 10:18:40

SET statement_timeout = 0;
SET lock_timeout = 0;
SET client_encoding = 'UTF8';
SET standard_conforming_strings = on;
SET check_function_bodies = false;
SET client_min_messages = warning;
SET row_security = off;

--
-- TOC entry 4 (class 2615 OID 24923)
-- Name: crm; Type: SCHEMA; Schema: -; Owner: postgres
--

CREATE SCHEMA crm;


ALTER SCHEMA crm OWNER TO postgres;

--
-- TOC entry 9 (class 2615 OID 24806)
-- Name: hibernate3; Type: SCHEMA; Schema: -; Owner: postgres
--

CREATE SCHEMA hibernate3;


ALTER SCHEMA hibernate3 OWNER TO postgres;

--
-- TOC entry 8 (class 2615 OID 106983)
-- Name: version1; Type: SCHEMA; Schema: -; Owner: postgres
--

CREATE SCHEMA version1;


ALTER SCHEMA version1 OWNER TO postgres;

--
-- TOC entry 1 (class 3079 OID 12387)
-- Name: plpgsql; Type: EXTENSION; Schema: -; Owner: 
--

CREATE EXTENSION IF NOT EXISTS plpgsql WITH SCHEMA pg_catalog;


--
-- TOC entry 2298 (class 0 OID 0)
-- Dependencies: 1
-- Name: EXTENSION plpgsql; Type: COMMENT; Schema: -; Owner: 
--

COMMENT ON EXTENSION plpgsql IS 'PL/pgSQL procedural language';


SET search_path = crm, pg_catalog;

--
-- TOC entry 208 (class 1259 OID 24932)
-- Name: customer_id_gen; Type: SEQUENCE; Schema: crm; Owner: postgres
--

CREATE SEQUENCE customer_id_gen
    START WITH 6
    INCREMENT BY 1
    NO MINVALUE
    NO MAXVALUE
    CACHE 1;


ALTER TABLE customer_id_gen OWNER TO postgres;

SET default_tablespace = '';

SET default_with_oids = false;

--
-- TOC entry 207 (class 1259 OID 24924)
-- Name: customer; Type: TABLE; Schema: crm; Owner: postgres
--

CREATE TABLE customer (
    id integer DEFAULT nextval('customer_id_gen'::regclass) NOT NULL,
    first_name text,
    last_name text,
    email text
);


ALTER TABLE customer OWNER TO postgres;

SET search_path = hibernate3, pg_catalog;

--
-- TOC entry 205 (class 1259 OID 24905)
-- Name: car_id_gen; Type: SEQUENCE; Schema: hibernate3; Owner: postgres
--

CREATE SEQUENCE car_id_gen
    START WITH 1
    INCREMENT BY 1
    NO MINVALUE
    NO MAXVALUE
    CACHE 1;


ALTER TABLE car_id_gen OWNER TO postgres;

--
-- TOC entry 204 (class 1259 OID 24897)
-- Name: car; Type: TABLE; Schema: hibernate3; Owner: postgres
--

CREATE TABLE car (
    id integer DEFAULT nextval('car_id_gen'::regclass) NOT NULL,
    model text NOT NULL,
    make text NOT NULL
);


ALTER TABLE car OWNER TO postgres;

--
-- TOC entry 196 (class 1259 OID 24843)
-- Name: course_id_gen; Type: SEQUENCE; Schema: hibernate3; Owner: postgres
--

CREATE SEQUENCE course_id_gen
    START WITH 1
    INCREMENT BY 1
    NO MINVALUE
    NO MAXVALUE
    CACHE 1;


ALTER TABLE course_id_gen OWNER TO postgres;

--
-- TOC entry 195 (class 1259 OID 24830)
-- Name: course; Type: TABLE; Schema: hibernate3; Owner: postgres
--

CREATE TABLE course (
    id integer DEFAULT nextval('course_id_gen'::regclass) NOT NULL,
    title text,
    student_id integer
);


ALTER TABLE course OWNER TO postgres;

--
-- TOC entry 199 (class 1259 OID 24881)
-- Name: review_id_gen; Type: SEQUENCE; Schema: hibernate3; Owner: postgres
--

CREATE SEQUENCE review_id_gen
    START WITH 1
    INCREMENT BY 1
    NO MINVALUE
    NO MAXVALUE
    CACHE 1;


ALTER TABLE review_id_gen OWNER TO postgres;

--
-- TOC entry 198 (class 1259 OID 24868)
-- Name: review; Type: TABLE; Schema: hibernate3; Owner: postgres
--

CREATE TABLE review (
    id integer DEFAULT nextval('review_id_gen'::regclass) NOT NULL,
    comment text,
    course_id integer
);


ALTER TABLE review OWNER TO postgres;

SET search_path = public, pg_catalog;

--
-- TOC entry 189 (class 1259 OID 24765)
-- Name: student_id_gen; Type: SEQUENCE; Schema: public; Owner: postgres
--

CREATE SEQUENCE student_id_gen
    START WITH 1
    INCREMENT BY 1
    NO MINVALUE
    NO MAXVALUE
    CACHE 1;


ALTER TABLE student_id_gen OWNER TO postgres;

SET search_path = hibernate3, pg_catalog;

--
-- TOC entry 193 (class 1259 OID 24807)
-- Name: student; Type: TABLE; Schema: hibernate3; Owner: postgres
--

CREATE TABLE student (
    id integer DEFAULT nextval('public.student_id_gen'::regclass) NOT NULL,
    first_name text,
    last_name text,
    email text,
    city text,
    street text,
    zip text,
    flatno text,
    details_id integer
);


ALTER TABLE student OWNER TO postgres;

--
-- TOC entry 206 (class 1259 OID 24908)
-- Name: student_car; Type: TABLE; Schema: hibernate3; Owner: postgres
--

CREATE TABLE student_car (
    car_id integer NOT NULL,
    student_id integer NOT NULL
);


ALTER TABLE student_car OWNER TO postgres;

SET search_path = public, pg_catalog;

--
-- TOC entry 191 (class 1259 OID 24785)
-- Name: student_details_id_gen; Type: SEQUENCE; Schema: public; Owner: postgres
--

CREATE SEQUENCE student_details_id_gen
    START WITH 1
    INCREMENT BY 1
    NO MINVALUE
    NO MAXVALUE
    CACHE 1;


ALTER TABLE student_details_id_gen OWNER TO postgres;

SET search_path = hibernate3, pg_catalog;

--
-- TOC entry 194 (class 1259 OID 24821)
-- Name: student_details; Type: TABLE; Schema: hibernate3; Owner: postgres
--

CREATE TABLE student_details (
    id integer DEFAULT nextval('public.student_details_id_gen'::regclass) NOT NULL,
    hobby text,
    youtube_channel text
);


ALTER TABLE student_details OWNER TO postgres;

--
-- TOC entry 202 (class 1259 OID 24888)
-- Name: student_details_id_gen; Type: SEQUENCE; Schema: hibernate3; Owner: postgres
--

CREATE SEQUENCE student_details_id_gen
    START WITH 28
    INCREMENT BY 1
    NO MINVALUE
    NO MAXVALUE
    CACHE 1;


ALTER TABLE student_details_id_gen OWNER TO postgres;

--
-- TOC entry 203 (class 1259 OID 24890)
-- Name: student_id_gen; Type: SEQUENCE; Schema: hibernate3; Owner: postgres
--

CREATE SEQUENCE student_id_gen
    START WITH 82
    INCREMENT BY 1
    NO MINVALUE
    NO MAXVALUE
    CACHE 1;


ALTER TABLE student_id_gen OWNER TO postgres;

SET search_path = public, pg_catalog;

--
-- TOC entry 192 (class 1259 OID 24793)
-- Name: course; Type: TABLE; Schema: public; Owner: postgres
--

CREATE TABLE course (
    id integer NOT NULL,
    title text,
    student_id integer
);


ALTER TABLE course OWNER TO postgres;

--
-- TOC entry 201 (class 1259 OID 24886)
-- Name: course_id_gen; Type: SEQUENCE; Schema: public; Owner: postgres
--

CREATE SEQUENCE course_id_gen
    START WITH 25
    INCREMENT BY 1
    NO MINVALUE
    NO MAXVALUE
    CACHE 1;


ALTER TABLE course_id_gen OWNER TO postgres;

--
-- TOC entry 212 (class 1259 OID 106996)
-- Name: instructor; Type: TABLE; Schema: public; Owner: postgres
--

CREATE TABLE instructor (
    id integer NOT NULL,
    first_name character varying(45) DEFAULT NULL::character varying,
    last_name character varying(45) DEFAULT NULL::character varying,
    email character varying(45) DEFAULT NULL::character varying,
    instructor_detail_id integer
);


ALTER TABLE instructor OWNER TO postgres;

--
-- TOC entry 211 (class 1259 OID 106994)
-- Name: instructor_id_seq; Type: SEQUENCE; Schema: public; Owner: postgres
--

CREATE SEQUENCE instructor_id_seq
    START WITH 1
    INCREMENT BY 1
    NO MINVALUE
    NO MAXVALUE
    CACHE 1;


ALTER TABLE instructor_id_seq OWNER TO postgres;

--
-- TOC entry 2299 (class 0 OID 0)
-- Dependencies: 211
-- Name: instructor_id_seq; Type: SEQUENCE OWNED BY; Schema: public; Owner: postgres
--

ALTER SEQUENCE instructor_id_seq OWNED BY instructor.id;


--
-- TOC entry 197 (class 1259 OID 24853)
-- Name: review; Type: TABLE; Schema: public; Owner: postgres
--

CREATE TABLE review (
    id integer NOT NULL,
    comment text,
    course_id integer
);


ALTER TABLE review OWNER TO postgres;

--
-- TOC entry 200 (class 1259 OID 24884)
-- Name: review_id_gen; Type: SEQUENCE; Schema: public; Owner: postgres
--

CREATE SEQUENCE review_id_gen
    START WITH 3
    INCREMENT BY 1
    NO MINVALUE
    NO MAXVALUE
    CACHE 1;


ALTER TABLE review_id_gen OWNER TO postgres;

--
-- TOC entry 188 (class 1259 OID 24757)
-- Name: student; Type: TABLE; Schema: public; Owner: postgres
--

CREATE TABLE student (
    id integer DEFAULT nextval('student_id_gen'::regclass) NOT NULL,
    first_name text,
    last_name text,
    email text,
    city text,
    street text,
    zip text,
    flatno text,
    details_id integer
);


ALTER TABLE student OWNER TO postgres;

--
-- TOC entry 190 (class 1259 OID 24777)
-- Name: student_details; Type: TABLE; Schema: public; Owner: postgres
--

CREATE TABLE student_details (
    id integer DEFAULT nextval('student_details_id_gen'::regclass) NOT NULL,
    hobby text,
    youtube_channel text
);


ALTER TABLE student_details OWNER TO postgres;

SET search_path = version1, pg_catalog;

--
-- TOC entry 214 (class 1259 OID 107007)
-- Name: instructor; Type: TABLE; Schema: version1; Owner: postgres
--

CREATE TABLE instructor (
    id integer NOT NULL,
    first_name character varying(45) DEFAULT NULL::character varying,
    last_name character varying(45) DEFAULT NULL::character varying,
    email character varying(45) DEFAULT NULL::character varying,
    instructor_detail_id integer
);


ALTER TABLE instructor OWNER TO postgres;

--
-- TOC entry 210 (class 1259 OID 106986)
-- Name: instructor_detail; Type: TABLE; Schema: version1; Owner: postgres
--

CREATE TABLE instructor_detail (
    id integer NOT NULL,
    youtube_channel character varying(128) DEFAULT NULL::character varying,
    hobby character varying(45) DEFAULT NULL::character varying
);


ALTER TABLE instructor_detail OWNER TO postgres;

--
-- TOC entry 209 (class 1259 OID 106984)
-- Name: instructor_detail_id_seq; Type: SEQUENCE; Schema: version1; Owner: postgres
--

CREATE SEQUENCE instructor_detail_id_seq
    START WITH 1
    INCREMENT BY 1
    NO MINVALUE
    NO MAXVALUE
    CACHE 1;


ALTER TABLE instructor_detail_id_seq OWNER TO postgres;

--
-- TOC entry 2300 (class 0 OID 0)
-- Dependencies: 209
-- Name: instructor_detail_id_seq; Type: SEQUENCE OWNED BY; Schema: version1; Owner: postgres
--

ALTER SEQUENCE instructor_detail_id_seq OWNED BY instructor_detail.id;


--
-- TOC entry 213 (class 1259 OID 107005)
-- Name: instructor_id_seq; Type: SEQUENCE; Schema: version1; Owner: postgres
--

CREATE SEQUENCE instructor_id_seq
    START WITH 1
    INCREMENT BY 1
    NO MINVALUE
    NO MAXVALUE
    CACHE 1;


ALTER TABLE instructor_id_seq OWNER TO postgres;

--
-- TOC entry 2301 (class 0 OID 0)
-- Dependencies: 213
-- Name: instructor_id_seq; Type: SEQUENCE OWNED BY; Schema: version1; Owner: postgres
--

ALTER SEQUENCE instructor_id_seq OWNED BY instructor.id;


SET search_path = public, pg_catalog;

--
-- TOC entry 2101 (class 2604 OID 106999)
-- Name: instructor id; Type: DEFAULT; Schema: public; Owner: postgres
--

ALTER TABLE ONLY instructor ALTER COLUMN id SET DEFAULT nextval('instructor_id_seq'::regclass);


SET search_path = version1, pg_catalog;

--
-- TOC entry 2105 (class 2604 OID 107010)
-- Name: instructor id; Type: DEFAULT; Schema: version1; Owner: postgres
--

ALTER TABLE ONLY instructor ALTER COLUMN id SET DEFAULT nextval('instructor_id_seq'::regclass);


--
-- TOC entry 2098 (class 2604 OID 106989)
-- Name: instructor_detail id; Type: DEFAULT; Schema: version1; Owner: postgres
--

ALTER TABLE ONLY instructor_detail ALTER COLUMN id SET DEFAULT nextval('instructor_detail_id_seq'::regclass);


SET search_path = crm, pg_catalog;

--
-- TOC entry 2284 (class 0 OID 24924)
-- Dependencies: 207
-- Data for Name: customer; Type: TABLE DATA; Schema: crm; Owner: postgres
--

COPY customer (id, first_name, last_name, email) FROM stdin;
1	David	Adams	david@luv2code.com
2	John	Doe	john@luv2code.com
3	Ajay	Rao	ajay@luv2code.com
4	Mary	Public	mary@luv2code.com
5	Maxwell	Dixon	max@luv2code.com
6	Jan	Kowalski	jan@wp.pl
7	Jacek	Nowak	j.n@op.pl
8	Beata	Mazur	becia.mazur@gmail.com
9	Ola	Matyjaszczyk	om@t.pl
11	Jacek	Nowak	jacek.n@op.pl
12	Beata1	Mazur	becia.mazur@gmail.com
15	Jan	Maria	nowak@wp.pl
\.


--
-- TOC entry 2302 (class 0 OID 0)
-- Dependencies: 208
-- Name: customer_id_gen; Type: SEQUENCE SET; Schema: crm; Owner: postgres
--

SELECT pg_catalog.setval('customer_id_gen', 15, true);


SET search_path = hibernate3, pg_catalog;

--
-- TOC entry 2281 (class 0 OID 24897)
-- Dependencies: 204
-- Data for Name: car; Type: TABLE DATA; Schema: hibernate3; Owner: postgres
--

COPY car (id, model, make) FROM stdin;
1	Focus	Ford
2	Sportage	Kia
3	X3	BMW
4	CX3	Mazda
\.


--
-- TOC entry 2303 (class 0 OID 0)
-- Dependencies: 205
-- Name: car_id_gen; Type: SEQUENCE SET; Schema: hibernate3; Owner: postgres
--

SELECT pg_catalog.setval('car_id_gen', 5, true);


--
-- TOC entry 2272 (class 0 OID 24830)
-- Dependencies: 195
-- Data for Name: course; Type: TABLE DATA; Schema: hibernate3; Owner: postgres
--

COPY course (id, title, student_id) FROM stdin;
7	Java	62
8	Math	62
11	PHP	75
12	Java	77
13	PHP	77
14	PHP	78
16	Math	79
17	PHP	79
18	Math	81
19	PHP	81
20	Math	82
21	C++	82
26	Jakistam	\N
\.


--
-- TOC entry 2304 (class 0 OID 0)
-- Dependencies: 196
-- Name: course_id_gen; Type: SEQUENCE SET; Schema: hibernate3; Owner: postgres
--

SELECT pg_catalog.setval('course_id_gen', 26, true);


--
-- TOC entry 2275 (class 0 OID 24868)
-- Dependencies: 198
-- Data for Name: review; Type: TABLE DATA; Schema: hibernate3; Owner: postgres
--

COPY review (id, comment, course_id) FROM stdin;
4	Good	26
5	Eh	26
6	Bad	26
\.


--
-- TOC entry 2305 (class 0 OID 0)
-- Dependencies: 199
-- Name: review_id_gen; Type: SEQUENCE SET; Schema: hibernate3; Owner: postgres
--

SELECT pg_catalog.setval('review_id_gen', 6, true);


--
-- TOC entry 2270 (class 0 OID 24807)
-- Dependencies: 193
-- Data for Name: student; Type: TABLE DATA; Schema: hibernate3; Owner: postgres
--

COPY student (id, first_name, last_name, email, city, street, zip, flatno, details_id) FROM stdin;
62	Robert	Ptys	\N	\N	\N	\N	\N	\N
63	Beata	Banas	\N	\N	\N	\N	\N	\N
64	Maria	Kalisz	\N	\N	\N	\N	\N	\N
65	Beata	Ropa	\N	\N	\N	\N	\N	\N
66	Maria	Nowak	\N	\N	\N	\N	\N	\N
69	Robert	Nowak	\N	\N	\N	\N	\N	\N
70	Jan	Ropa	\N	\N	\N	\N	\N	\N
71	Beata	Ptys	\N	\N	\N	\N	\N	\N
72	Robert	Ptys	\N	\N	\N	\N	\N	\N
73	Maria	Kalisz	\N	\N	\N	\N	\N	\N
75	Maria	Nowak	\N	\N	\N	\N	\N	\N
76	Jan	Kowalski	\N	\N	\N	\N	\N	\N
77	Jan	Ptys	\N	\N	\N	\N	\N	\N
78	Dariusz	Ropa	\N	\N	\N	\N	\N	\N
79	Dariusz	Kalisz	\N	\N	\N	\N	\N	\N
81	Maria	Kowalski	\N	\N	\N	\N	\N	\N
82	Robert	Kowalski	\N	\N	\N	\N	\N	\N
\.


--
-- TOC entry 2283 (class 0 OID 24908)
-- Dependencies: 206
-- Data for Name: student_car; Type: TABLE DATA; Schema: hibernate3; Owner: postgres
--

COPY student_car (car_id, student_id) FROM stdin;
1	62
4	71
3	62
3	82
3	81
2	77
3	77
\.


--
-- TOC entry 2271 (class 0 OID 24821)
-- Dependencies: 194
-- Data for Name: student_details; Type: TABLE DATA; Schema: hibernate3; Owner: postgres
--

COPY student_details (id, hobby, youtube_channel) FROM stdin;
\.


--
-- TOC entry 2306 (class 0 OID 0)
-- Dependencies: 202
-- Name: student_details_id_gen; Type: SEQUENCE SET; Schema: hibernate3; Owner: postgres
--

SELECT pg_catalog.setval('student_details_id_gen', 28, false);


--
-- TOC entry 2307 (class 0 OID 0)
-- Dependencies: 203
-- Name: student_id_gen; Type: SEQUENCE SET; Schema: hibernate3; Owner: postgres
--

SELECT pg_catalog.setval('student_id_gen', 82, false);


SET search_path = public, pg_catalog;

--
-- TOC entry 2269 (class 0 OID 24793)
-- Dependencies: 192
-- Data for Name: course; Type: TABLE DATA; Schema: public; Owner: postgres
--

COPY course (id, title, student_id) FROM stdin;
\.


--
-- TOC entry 2308 (class 0 OID 0)
-- Dependencies: 201
-- Name: course_id_gen; Type: SEQUENCE SET; Schema: public; Owner: postgres
--

SELECT pg_catalog.setval('course_id_gen', 25, false);


--
-- TOC entry 2289 (class 0 OID 106996)
-- Dependencies: 212
-- Data for Name: instructor; Type: TABLE DATA; Schema: public; Owner: postgres
--

COPY instructor (id, first_name, last_name, email, instructor_detail_id) FROM stdin;
\.


--
-- TOC entry 2309 (class 0 OID 0)
-- Dependencies: 211
-- Name: instructor_id_seq; Type: SEQUENCE SET; Schema: public; Owner: postgres
--

SELECT pg_catalog.setval('instructor_id_seq', 1, false);


--
-- TOC entry 2274 (class 0 OID 24853)
-- Dependencies: 197
-- Data for Name: review; Type: TABLE DATA; Schema: public; Owner: postgres
--

COPY review (id, comment, course_id) FROM stdin;
\.


--
-- TOC entry 2310 (class 0 OID 0)
-- Dependencies: 200
-- Name: review_id_gen; Type: SEQUENCE SET; Schema: public; Owner: postgres
--

SELECT pg_catalog.setval('review_id_gen', 3, false);


--
-- TOC entry 2265 (class 0 OID 24757)
-- Dependencies: 188
-- Data for Name: student; Type: TABLE DATA; Schema: public; Owner: postgres
--

COPY student (id, first_name, last_name, email, city, street, zip, flatno, details_id) FROM stdin;
5	Beata	Ptys	Beata.Ptys@eu	\N	\N	\N	\N	\N
6	Dariusz	Ptys	Dariusz.Ptys@com	\N	\N	\N	\N	\N
7	Jan	Kowalski	Jan.Kowalski@pl	\N	\N	\N	\N	\N
8	Beata	Ptys	Beata.Ptys@eu	\N	\N	\N	\N	\N
9	Beata	Kowalski	Beata.Kowalski@com	\N	\N	\N	\N	\N
11	Maria	Ptys	Maria.Ptys@pl	\N	\N	\N	\N	\N
10	Maria	Ropa	Maria.Ropa@us.id	\N	\N	\N	\N	\N
12	Beata	Nowak	Beata.Nowak@com	\N	\N	\N	\N	\N
13	Robert	Nowak	Robert.Nowak@eu	\N	\N	\N	\N	\N
14	Dariusz	Kowalski	Dariusz.Kowalski@us.id	\N	\N	\N	\N	\N
15	Jan	Ptys	Jan.Ptys@com	\N	\N	\N	\N	\N
16	Maria	Szydlo	Maria.Szydlo@eu	\N	\N	\N	\N	\N
17	Maria	Banas	Maria.Banas@eu	\N	\N	\N	\N	\N
18	Robert	Ropa	Robert.Ropa@us.id	\N	\N	\N	\N	\N
19	Jan	Banas	Jan.Banas@com	\N	\N	\N	\N	\N
20	Dariusz	Ropa	Dariusz.Ropa@pl	\N	\N	\N	\N	\N
21	Beata	Kalisz	Beata.Kalisz@eu	\N	\N	\N	\N	\N
22	Maria	Kowalski	Maria.Kowalski@pl	\N	\N	\N	\N	\N
24	Dariusz	Ropa	Dariusz.Ropa@pl	\N	\N	\N	\N	\N
26	Jan	Kowalski	Jan.Kowalski@pl	London	Main	12FRT	12	\N
4	Beata	Darko	Beata.Banas@us.id	\N	\N	\N	\N	1
28	Jan	Nowak	Jan.Nowak@pl	London	Main	12FRT	12	\N
30	Dariusz	Kalisz	Dariusz.Kalisz@pl	London	Main	12FRT	12	\N
33	Beata	Banas	Beata.Banas@eu	\N	\N	\N	\N	2
35	Dariusz	Banas	Dariusz.Banas@us.id	London	Main	12FRT	12	\N
38	Maria	Ptys	Maria.Ptys@com	Wroclaw	Omega St.	50-080	142	5
39	Maria	Nowak	Maria.Nowak@eu	Madrid	5th Avn	50-080	1	6
42	Beata	Banas	Beata.Banas@com	Wroclaw	Main	14FR8	142	9
43	Jan	Ptys	Jan.Ptys@us	Wroclaw	Main	50-080	4	10
44	Robert	Ropa	Robert.Ropa@pl	Madrid	Omega St.	50-080	142	11
45	Dariusz	Ptys	Dariusz.Ptys@com	Rome	Omega St.	14FR8	142	12
46	Maria	Nowak	Maria.Nowak@pl	Rome	Main	50-080	2	13
47	Beata	Kowalski	Beata.Kowalski@us	Rome	Colombo St.	14FR8	100	14
48	Dariusz	Nowak	Dariusz.Nowak@us	New York	Colombo St.	TT#-34	142	15
49	Jan	Szydlo	Jan.Szydlo@eu	Madrid	Disney St.	50-080	1	16
50	Beata	Ptys	Beata.Ptys@pl	Rome	Colombo St.	50-080	100	17
51	Maria	Ptys	Maria.Ptys@pl	Rome	5th Avn	50-080	1	18
52	Maria	Ptys	Maria.Ptys@us	Madrid	Omega St.	TT#-34	100	19
53	Dariusz	Szydlo	Dariusz.Szydlo@com	New York	Main	TT#-34	100	20
54	Dariusz	Ropa	Dariusz.Ropa@us	New York	5th Avn	TT#-34	100	21
55	Robert	Kowalski	Robert.Kowalski@us	Rome	Disney St.	14FR8	2	22
56	Jan	Kowalski	Jan.Kowalski@us	New York	Main	50-080	4	23
57	Jan	Kalisz	Jan.Kalisz@com	Madrid	Colombo St.	TT#-34	100	24
58	Beata	Nowak	Beata.Nowak@pl	Madrid	5th Avn	TT#-34	142	25
59	Robert	Szydlo	Robert.Szydlo@com	Rome	5th Avn	14FR8	4	26
60	Maria	Ptys	Maria.Ptys@com	Madrid	Omega St.	14FR8	4	27
61	Robert	Nowak	Robert.Nowak@eu	Rome	Omega St.	TT#-34	4	28
40	Maria	Szydlo	Maria.Szydlo@us	Madrid	Colombo St.	50-080	3	\N
41	Maria	Ropa	Maria.Ropa@eu	Madrid	Colombo St.	50-080	1	\N
\.


--
-- TOC entry 2267 (class 0 OID 24777)
-- Dependencies: 190
-- Data for Name: student_details; Type: TABLE DATA; Schema: public; Owner: postgres
--

COPY student_details (id, hobby, youtube_channel) FROM stdin;
1	test	 channel1
2	RPG	elo.yt
5	Books	ok.yt
6	Swimming	ok.yt
9	Skiing	gogo.yt
10	Skiing	ok.yt
11	RPG	ok.yt
12	Skiing	gogo.yt
13	RPG	ok.yt
14	Skiing	gogo.yt
15	RPG	gogo.yt
16	RPG	pass.yt
17	RPG	ok.yt
18	Books	pass.yt
19	RPG	ok.yt
20	Books	pass.yt
21	Books	pass.yt
22	Swimming	ok.yt
23	Books	ok.yt
24	RPG	gogo.yt
25	RPG	gogo.yt
26	RPG	pass.yt
27	Books	pass.yt
28	Skiing	pass.yt
\.


--
-- TOC entry 2311 (class 0 OID 0)
-- Dependencies: 191
-- Name: student_details_id_gen; Type: SEQUENCE SET; Schema: public; Owner: postgres
--

SELECT pg_catalog.setval('student_details_id_gen', 28, true);


--
-- TOC entry 2312 (class 0 OID 0)
-- Dependencies: 189
-- Name: student_id_gen; Type: SEQUENCE SET; Schema: public; Owner: postgres
--

SELECT pg_catalog.setval('student_id_gen', 83, true);


SET search_path = version1, pg_catalog;

--
-- TOC entry 2291 (class 0 OID 107007)
-- Dependencies: 214
-- Data for Name: instructor; Type: TABLE DATA; Schema: version1; Owner: postgres
--

COPY instructor (id, first_name, last_name, email, instructor_detail_id) FROM stdin;
2	Madhu	Patel	madhu@luv2code.com	\N
3	Madhu	Patel	madhu@luv2code.com	3
4	Madhu	Patel	madhu@luv2code.com	4
\.


--
-- TOC entry 2287 (class 0 OID 106986)
-- Dependencies: 210
-- Data for Name: instructor_detail; Type: TABLE DATA; Schema: version1; Owner: postgres
--

COPY instructor_detail (id, youtube_channel, hobby) FROM stdin;
3	http://www.youtube.com	Guitar
4	http://www.youtube.com	Guitar
\.


--
-- TOC entry 2313 (class 0 OID 0)
-- Dependencies: 209
-- Name: instructor_detail_id_seq; Type: SEQUENCE SET; Schema: version1; Owner: postgres
--

SELECT pg_catalog.setval('instructor_detail_id_seq', 4, true);


--
-- TOC entry 2314 (class 0 OID 0)
-- Dependencies: 213
-- Name: instructor_id_seq; Type: SEQUENCE SET; Schema: version1; Owner: postgres
--

SELECT pg_catalog.setval('instructor_id_seq', 4, true);


SET search_path = crm, pg_catalog;

--
-- TOC entry 2132 (class 2606 OID 24931)
-- Name: customer customer_pkey; Type: CONSTRAINT; Schema: crm; Owner: postgres
--

ALTER TABLE ONLY customer
    ADD CONSTRAINT customer_pkey PRIMARY KEY (id);


SET search_path = hibernate3, pg_catalog;

--
-- TOC entry 2128 (class 2606 OID 24904)
-- Name: car car_pkey; Type: CONSTRAINT; Schema: hibernate3; Owner: postgres
--

ALTER TABLE ONLY car
    ADD CONSTRAINT car_pkey PRIMARY KEY (id);


--
-- TOC entry 2130 (class 2606 OID 24912)
-- Name: student_car car_student_pk; Type: CONSTRAINT; Schema: hibernate3; Owner: postgres
--

ALTER TABLE ONLY student_car
    ADD CONSTRAINT car_student_pk PRIMARY KEY (car_id, student_id);


--
-- TOC entry 2122 (class 2606 OID 24847)
-- Name: course course_id_pk; Type: CONSTRAINT; Schema: hibernate3; Owner: postgres
--

ALTER TABLE ONLY course
    ADD CONSTRAINT course_id_pk PRIMARY KEY (id);


--
-- TOC entry 2126 (class 2606 OID 24875)
-- Name: review review_pkey; Type: CONSTRAINT; Schema: hibernate3; Owner: postgres
--

ALTER TABLE ONLY review
    ADD CONSTRAINT review_pkey PRIMARY KEY (id);


--
-- TOC entry 2120 (class 2606 OID 24829)
-- Name: student_details student_details_pkey; Type: CONSTRAINT; Schema: hibernate3; Owner: postgres
--

ALTER TABLE ONLY student_details
    ADD CONSTRAINT student_details_pkey PRIMARY KEY (id);


--
-- TOC entry 2118 (class 2606 OID 24815)
-- Name: student student_pkey; Type: CONSTRAINT; Schema: hibernate3; Owner: postgres
--

ALTER TABLE ONLY student
    ADD CONSTRAINT student_pkey PRIMARY KEY (id);


SET search_path = public, pg_catalog;

--
-- TOC entry 2114 (class 2606 OID 24862)
-- Name: course course_pkey; Type: CONSTRAINT; Schema: public; Owner: postgres
--

ALTER TABLE ONLY course
    ADD CONSTRAINT course_pkey PRIMARY KEY (id);


--
-- TOC entry 2116 (class 2606 OID 24805)
-- Name: course course_title_unique; Type: CONSTRAINT; Schema: public; Owner: postgres
--

ALTER TABLE ONLY course
    ADD CONSTRAINT course_title_unique UNIQUE (title);


--
-- TOC entry 2136 (class 2606 OID 107004)
-- Name: instructor instructor_pkey; Type: CONSTRAINT; Schema: public; Owner: postgres
--

ALTER TABLE ONLY instructor
    ADD CONSTRAINT instructor_pkey PRIMARY KEY (id);


--
-- TOC entry 2124 (class 2606 OID 24860)
-- Name: review review_pkey; Type: CONSTRAINT; Schema: public; Owner: postgres
--

ALTER TABLE ONLY review
    ADD CONSTRAINT review_pkey PRIMARY KEY (id);


--
-- TOC entry 2112 (class 2606 OID 24784)
-- Name: student_details student_details_pkey; Type: CONSTRAINT; Schema: public; Owner: postgres
--

ALTER TABLE ONLY student_details
    ADD CONSTRAINT student_details_pkey PRIMARY KEY (id);


--
-- TOC entry 2110 (class 2606 OID 24764)
-- Name: student student_pkey; Type: CONSTRAINT; Schema: public; Owner: postgres
--

ALTER TABLE ONLY student
    ADD CONSTRAINT student_pkey PRIMARY KEY (id);


SET search_path = version1, pg_catalog;

--
-- TOC entry 2134 (class 2606 OID 106993)
-- Name: instructor_detail instructor_detail_pkey; Type: CONSTRAINT; Schema: version1; Owner: postgres
--

ALTER TABLE ONLY instructor_detail
    ADD CONSTRAINT instructor_detail_pkey PRIMARY KEY (id);


--
-- TOC entry 2138 (class 2606 OID 107015)
-- Name: instructor instructor_pkey; Type: CONSTRAINT; Schema: version1; Owner: postgres
--

ALTER TABLE ONLY instructor
    ADD CONSTRAINT instructor_pkey PRIMARY KEY (id);


SET search_path = hibernate3, pg_catalog;

--
-- TOC entry 2145 (class 2606 OID 24913)
-- Name: student_car car_id_fk; Type: FK CONSTRAINT; Schema: hibernate3; Owner: postgres
--

ALTER TABLE ONLY student_car
    ADD CONSTRAINT car_id_fk FOREIGN KEY (car_id) REFERENCES car(id);


--
-- TOC entry 2142 (class 2606 OID 24848)
-- Name: course course_student_id_fk; Type: FK CONSTRAINT; Schema: hibernate3; Owner: postgres
--

ALTER TABLE ONLY course
    ADD CONSTRAINT course_student_id_fk FOREIGN KEY (student_id) REFERENCES student(id);


--
-- TOC entry 2144 (class 2606 OID 24892)
-- Name: review review_course_id; Type: FK CONSTRAINT; Schema: hibernate3; Owner: postgres
--

ALTER TABLE ONLY review
    ADD CONSTRAINT review_course_id FOREIGN KEY (course_id) REFERENCES course(id);


--
-- TOC entry 2141 (class 2606 OID 24816)
-- Name: student student_details_id_fk; Type: FK CONSTRAINT; Schema: hibernate3; Owner: postgres
--

ALTER TABLE ONLY student
    ADD CONSTRAINT student_details_id_fk FOREIGN KEY (details_id) REFERENCES public.student_details(id);


--
-- TOC entry 2146 (class 2606 OID 24918)
-- Name: student_car student_id_fk; Type: FK CONSTRAINT; Schema: hibernate3; Owner: postgres
--

ALTER TABLE ONLY student_car
    ADD CONSTRAINT student_id_fk FOREIGN KEY (student_id) REFERENCES student(id);


SET search_path = public, pg_catalog;

--
-- TOC entry 2140 (class 2606 OID 24799)
-- Name: course course_student_id; Type: FK CONSTRAINT; Schema: public; Owner: postgres
--

ALTER TABLE ONLY course
    ADD CONSTRAINT course_student_id FOREIGN KEY (student_id) REFERENCES student(id);


--
-- TOC entry 2143 (class 2606 OID 24863)
-- Name: review review_course_fk; Type: FK CONSTRAINT; Schema: public; Owner: postgres
--

ALTER TABLE ONLY review
    ADD CONSTRAINT review_course_fk FOREIGN KEY (course_id) REFERENCES course(id);


--
-- TOC entry 2139 (class 2606 OID 24788)
-- Name: student student_details_id_fk; Type: FK CONSTRAINT; Schema: public; Owner: postgres
--

ALTER TABLE ONLY student
    ADD CONSTRAINT student_details_id_fk FOREIGN KEY (details_id) REFERENCES student_details(id);


SET search_path = version1, pg_catalog;

--
-- TOC entry 2147 (class 2606 OID 107018)
-- Name: instructor fk_instructor_details_id; Type: FK CONSTRAINT; Schema: version1; Owner: postgres
--

ALTER TABLE ONLY instructor
    ADD CONSTRAINT fk_instructor_details_id FOREIGN KEY (instructor_detail_id) REFERENCES instructor_detail(id);


-- Completed on 2021-10-21 10:18:41

--
-- PostgreSQL database dump complete
--

